#,#,#,#,#,#,#,#,#,#,#,#,#,#,#,#,#,#,#,#,#,#,#,#,#,#,#,#,#,#,#,#,#,#,#,#,#,#,#,#,#,#,#,#,#,#,#,#,#,#,#,#,#,#,#,#,#,#,#,#,#,#,#,#,#,#,#,#,#,#,#,#,#,#,#,#,#,#,#,#
#,#,#,#,#,#,#,#,#,#,#,#,#,#,#,#,#,#,#,#,#,#,#,#,#,#,#,#,#,#,#,#,#,#,#,#,#,#,#,#,#,#,#,#,#,#,#,#,#,#,#,#,#,#,#,#,#,#,#,#,#,#,#,#,#,#,#,#,#,#,#,#,#,#,#,#,#,#,#,#
#,#,#,#,#,#,#,#,#,#,#,#,#,#,#,#,#,#,#,#,#,#,#,#,#,#,#,#,#,#,#,#,#,#,#,#,#,#,#,#,#,#,#,#,#,#,#,#,#,#,#,#,#,#,#,#,#,#,#,#,#,#,#,#,#,#,#,#,#,#,#,#,#,#,#,#,#,#,#,#
#,#,#,#,#,#,#,#,#,#,#,#,#,#,#,#,#,#,#,#,#,#,#,#,#,#,#,#,#,#,#,#,#,#,#,#,#,#,#,#,#,#,#,#,#,#,#,#,#,#,#,#,#,#,#,#,#,#,#,#,#,#,#,#,#,#,#,#,#,#,#,#,#,#,#,#,#,#,#,#
#,#,#,#,#,#,#,#,#,#,#,#,#,#,#,#,#,#,#,#,#,#,#,#,#,#,#,#,#,#,#,#,#,#,#,#,#,#,#,#,#,#,#,#,#,#,#,#,#,#,#,#,#,#,#,#,#,#,#,#,#,#,#,#,#,#,#,#,#,#,#,#,#,#,#,#,#,#,#,#
#,#,#,#,#,#,#,#,#,#,#,#,#,#,#,#,#,#,#,#,#,#,#,#,#,#,#,#,#,#,#,#,#,#,#,#,#,#,#,#,#,#,#,#,#,#,#,#,#,#,#,#,#,#,#,#,#,#,#,#,#,#,#,#,#,#,#,#,#,#,#,#,#,#,#,#,#,#,#,#
#,#,#,#,#,#,#,#,#,#,#,#,#,#,#,#,#,#,#,#,#,#,#,#,#,#,#,#,#,#,#,#,#,#,#,#,#,#,#,#,#,#,#,#,#,#,#,#,#,#,#,#,#,#,#,#,#,#,#,#,#,#,#,#,#,#,#,#,#,#,#,#,#,#,#,#,#,#,#,#
#,#,#,#,#,#,#,#,#,#,#,#,#,#,#,#,@,@,@,@,@,@,@,@,@,@,@,@,#,#,#,#,#,#,#,#,#,#,#,#,#,#,#,#,#,#,#,#,#,#,#,#,#,#,#,#,#,#,#,#,#,#,#,#,@,@,@,@,@,@,@,@,#,#,#,#,#,#,#,#
#,#,#,#,#,#,#,#,#,#,#,#,#,#,#,#,@,&,&,&,&,&,&,&,&,&,&,@,#,#,#,#,#,#,#,#,#,#,#,#,#,#,#,#,#,#,#,#,#,#,#,#,#,#,#,#,#,#,#,#,#,#,#,#,@,&,&,&,&,&,&,@,#,#,#,#,#,#,#,#
#,#,#,#,#,#,#,#,#,#,#,#,#,#,#,#,@,&,&,&,&,&,&,&,&,&,&,@,#,#,#,#,#,#,#,#,#,#,#,#,#,#,#,#,#,#,#,#,#,#,#,#,#,#,#,#,#,#,#,#,#,#,#,#,@,&,&,&,&,&,&,@,#,#,#,#,#,#,#,#
#,#,#,#,#,#,#,#,#,#,#,#,#,#,#,#,@,&,&,&,&,&,&,&,&,&,&,@,#,#,#,#,#,#,#,#,#,#,#,#,#,#,#,#,#,#,#,#,#,#,#,#,#,#,#,#,#,#,#,#,#,#,#,#,@,&,&,&,&,&,&,@,#,#,#,#,#,#,#,#
#,#,#,#,#,#,#,#,#,#,#,#,#,#,#,#,@,&,&,&,&,&,&,&,&,&,&,@,#,#,#,#,#,#,#,#,#,#,#,#,#,#,#,#,#,#,#,#,#,#,#,#,#,#,#,#,#,#,#,#,#,#,#,#,@,&,&,&,&,&,&,@,#,#,#,#,#,#,#,#
#,#,#,#,#,#,#,#,#,#,#,#,#,#,#,#,@,&,&,&,&,&,&,&,&,&,&,@,#,#,#,#,#,#,#,#,#,#,#,#,#,#,#,#,#,#,#,#,#,#,#,#,#,#,#,#,#,#,#,#,#,#,#,#,@,&,&,&,&,&,&,@,#,#,#,#,#,#,#,#
#,#,#,#,#,#,#,#,#,#,#,#,#,#,#,#,@,&,&,&,&,&,&,&,&,&,&,.,.,.,.,.,.,.,.,.,.,.,.,.,.,.,.,.,.,.,.,.,.,.,.,.,.,.,.,.,.,.,.,.,.,.,.,.,.,&,&,&,&,&,&,@,#,#,#,#,#,#,#,#
#,#,#,#,#,#,#,#,#,#,#,#,#,#,#,#,@,&,&,&,&,&,&,&,&,&,&,@,#,#,#,#,#,#,#,#,#,#,#,.,#,#,#,#,#,#,#,#,#,#,#,#,#,#,#,#,#,#,#,#,#,#,#,#,@,@,@,@,@,@,@,@,#,#,#,#,#,#,#,#
#,#,#,#,#,#,#,#,#,#,#,#,#,#,#,#,@,&,&,&,&,&,&,&,&,&,&,@,#,#,#,#,#,#,#,#,#,#,#,.,#,#,#,#,#,#,#,#,#,#,#,#,#,#,#,#,#,#,#,#,#,#,#,#,#,#,#,#,#,#,#,#,#,#,#,#,#,#,#,#
#,#,#,#,#,#,#,#,#,#,#,#,#,#,#,#,@,&,&,&,&,&,&,&,&,&,&,@,#,#,#,#,#,#,#,#,#,#,#,.,#,#,#,#,#,#,#,#,#,#,#,#,#,#,#,#,#,#,#,#,#,#,#,#,#,#,#,#,#,#,#,#,#,#,#,#,#,#,#,#
#,#,#,#,#,#,#,#,#,#,#,#,#,#,#,#,@,&,&,&,&,&,&,&,&,&,&,@,#,#,#,#,#,#,#,#,#,#,#,.,#,#,#,#,#,#,#,#,#,#,#,#,#,#,#,#,#,#,#,#,#,#,#,#,#,#,#,#,#,#,#,#,#,#,#,#,#,#,#,#
#,#,#,#,#,#,#,#,#,#,#,#,#,#,#,#,@,@,@,@,@,@,@,@,@,@,@,@,#,#,#,#,#,#,#,#,#,#,#,.,#,#,#,#,#,#,#,#,#,#,#,#,#,#,#,#,#,#,#,#,#,@,@,@,@,@,@,@,@,#,#,#,#,#,#,#,#,#,#,#
#,#,#,#,#,#,#,#,#,#,#,#,#,#,#,#,#,#,#,#,#,#,#,#,#,#,#,#,#,#,#,#,#,#,#,#,#,#,#,.,#,#,#,#,#,#,#,#,#,#,#,#,#,#,#,#,#,#,#,#,#,@,&,&,&,&,&,&,@,#,#,#,#,#,#,#,#,#,#,#
#,#,#,#,#,#,#,#,#,#,#,#,#,#,#,#,#,#,#,#,#,#,#,#,#,#,#,#,#,#,#,#,#,#,#,#,#,#,#,.,#,#,#,#,#,#,#,#,#,#,#,#,#,#,#,#,#,#,#,#,#,@,&,&,&,&,&,&,@,#,#,#,#,#,#,#,#,#,#,#
#,#,#,#,#,#,#,#,#,#,#,#,#,#,#,#,#,#,#,#,#,#,#,#,#,#,#,#,#,#,#,#,#,#,#,#,#,#,#,.,#,#,#,#,#,#,#,#,#,#,#,#,#,#,#,#,#,#,#,#,#,@,&,&,&,&,&,&,@,#,#,#,#,#,#,#,#,#,#,#
#,#,#,#,#,#,#,#,#,#,#,#,#,#,#,#,#,#,#,#,#,#,#,#,#,#,#,#,#,#,#,#,#,#,#,#,#,#,#,.,#,#,#,#,#,#,#,#,#,#,#,#,#,#,#,#,#,#,#,#,#,@,&,&,&,&,&,&,@,#,#,#,#,#,#,#,#,#,#,#
#,#,#,#,#,#,#,#,#,#,#,#,#,#,#,#,#,#,#,#,#,#,#,#,#,#,#,#,#,#,#,#,#,#,#,#,#,#,#,.,#,#,#,#,#,#,#,#,#,#,#,#,#,#,#,#,#,#,#,#,#,@,&,&,&,&,&,&,@,#,#,#,#,#,#,#,#,#,#,#
#,#,#,#,#,#,#,#,#,#,#,#,#,#,#,#,#,#,#,#,#,#,#,#,#,#,#,#,#,#,#,#,#,#,#,#,#,#,#,.,#,#,#,#,#,#,#,#,#,#,#,#,#,#,#,#,#,#,#,#,#,@,&,&,&,&,&,&,@,#,#,#,#,#,#,#,#,#,#,#
#,#,#,#,#,#,#,#,#,#,#,#,#,#,#,#,#,#,#,#,#,#,#,#,#,#,#,#,#,#,#,#,#,#,#,#,#,#,#,.,#,#,#,#,#,#,#,#,#,#,#,#,#,#,#,#,#,#,#,#,#,@,@,@,@,.,@,@,@,#,#,#,#,#,#,#,#,#,#,#
#,#,#,#,#,#,#,#,#,#,#,#,#,#,#,#,#,#,#,#,#,#,#,#,#,#,#,#,#,#,#,#,#,#,#,#,#,#,#,.,#,#,#,#,#,#,#,#,#,#,#,#,#,#,#,#,#,#,#,#,#,#,#,#,#,.,#,#,#,#,#,#,#,#,#,#,#,#,#,#
#,#,#,#,#,#,#,#,#,#,#,#,#,#,#,#,#,#,#,#,#,#,#,#,#,#,#,#,#,#,#,#,#,#,#,#,#,#,#,.,#,#,#,#,#,#,#,#,#,#,#,#,#,#,#,#,#,#,#,#,#,#,#,#,#,.,#,#,#,#,#,#,#,#,#,#,#,#,#,#
#,#,#,#,#,#,#,#,#,#,#,#,#,#,#,#,#,#,#,#,#,#,#,#,#,#,#,#,#,#,#,#,#,#,#,#,#,#,#,.,#,#,#,#,#,#,#,#,#,#,#,#,#,#,#,#,#,#,#,#,#,#,#,#,#,.,#,#,#,#,#,#,#,#,#,#,#,#,#,#
#,#,#,#,#,#,#,#,#,#,#,#,#,#,#,#,#,#,#,#,#,#,#,#,#,#,#,#,#,#,#,#,#,#,#,#,#,#,#,.,#,#,#,#,#,#,#,#,#,#,#,#,#,#,#,#,#,#,#,#,#,#,#,#,#,.,#,#,#,#,#,#,#,#,#,#,#,#,#,#
#,#,#,#,#,#,#,#,#,#,#,#,#,#,#,#,#,#,#,#,#,#,#,#,#,#,#,#,#,#,#,#,#,#,#,#,#,#,#,.,#,#,#,#,#,#,#,#,#,#,#,#,#,#,#,#,#,#,#,#,#,#,#,#,#,.,#,#,#,#,#,#,#,#,#,#,#,#,#,#
#,#,#,#,#,#,#,#,#,#,#,#,#,#,#,#,#,#,#,#,#,#,#,#,#,#,#,#,#,#,#,#,#,@,@,@,@,@,@,.,@,@,@,@,@,#,#,#,#,#,#,#,#,#,#,#,#,#,#,#,#,#,#,#,#,.,#,#,#,#,#,#,#,#,#,#,#,#,#,#
#,#,#,#,#,#,#,#,#,#,#,#,#,#,#,#,#,#,#,#,#,#,#,#,#,#,#,#,#,#,#,#,#,@,&,&,&,&,&,&,&,&,&,&,@,#,#,#,#,#,#,#,#,#,#,#,#,#,#,#,#,#,#,#,#,.,#,#,#,#,#,#,#,#,#,#,#,#,#,#
#,#,#,#,#,#,#,#,#,#,#,#,#,#,#,#,#,#,#,#,#,#,#,#,#,#,#,#,#,#,#,#,#,@,&,&,&,&,&,&,&,&,&,&,@,#,#,#,#,#,#,#,#,#,#,#,#,#,#,#,#,#,#,#,#,.,#,#,#,#,#,#,#,#,#,#,#,#,#,#
#,#,#,#,#,#,#,#,#,#,#,#,#,#,#,#,#,#,#,#,#,#,#,#,#,#,#,#,#,#,#,#,#,@,&,&,&,&,&,&,&,&,&,&,@,#,#,#,#,#,#,#,#,#,#,#,#,#,#,#,#,#,#,#,#,.,#,#,#,#,#,#,#,#,#,#,#,#,#,#
#,#,#,#,#,#,#,#,#,#,#,#,#,#,#,#,#,#,#,#,#,#,#,#,#,#,#,#,#,#,#,#,#,@,&,&,&,&,&,&,&,&,&,&,@,#,#,#,#,#,#,#,#,#,#,#,#,#,#,#,#,#,#,#,#,.,#,#,#,#,#,#,#,#,#,#,#,#,#,#
#,#,#,#,#,#,#,#,#,#,#,#,#,#,#,#,#,#,#,#,#,#,#,#,#,#,#,#,#,#,#,#,#,@,&,&,&,&,&,&,&,&,&,&,@,#,#,#,#,#,#,#,#,#,#,#,#,#,#,#,#,#,#,#,#,.,#,#,#,#,#,#,#,#,#,#,#,#,#,#
#,#,#,#,#,#,#,#,#,#,#,#,#,#,#,#,#,#,#,#,#,#,#,#,#,#,#,#,#,#,#,#,#,@,&,&,&,&,&,&,&,&,&,&,.,.,.,.,.,.,.,.,.,.,.,.,.,.,.,.,.,.,.,.,.,.,#,#,#,#,#,#,#,#,#,#,#,#,#,#
#,#,#,#,#,#,#,#,#,#,#,#,#,#,#,#,#,#,#,#,#,#,#,#,#,#,#,#,#,#,#,#,#,@,&,&,&,&,&,&,&,&,&,&,@,#,#,#,#,#,#,#,#,#,#,#,#,#,#,#,#,#,#,#,#,#,#,#,#,#,#,#,#,#,#,#,#,#,#,#
#,#,#,#,#,#,#,#,#,#,#,#,#,#,#,#,#,#,#,#,#,#,#,#,#,#,#,#,#,#,#,#,#,@,&,&,&,&,&,&,&,&,&,&,@,#,#,#,#,#,#,#,#,#,#,#,#,#,#,#,#,#,#,#,#,#,#,#,#,#,#,#,#,#,#,#,#,#,#,#
#,#,#,#,#,#,#,#,#,#,#,#,#,#,#,#,#,#,#,#,#,#,#,#,#,#,#,#,#,#,#,#,#,@,&,&,&,&,&,&,&,&,&,&,@,#,#,#,#,#,#,#,#,#,#,#,#,#,#,#,#,#,#,#,#,#,#,#,#,#,#,#,#,#,#,#,#,#,#,#
#,#,#,#,#,#,#,#,#,#,#,#,#,#,#,#,#,#,#,#,#,#,#,#,#,#,#,#,#,#,#,#,#,@,&,&,&,&,&,&,&,&,&,&,@,#,#,#,#,#,#,#,#,#,#,#,#,#,#,#,#,#,#,#,#,#,#,#,#,#,#,#,#,#,#,#,#,#,#,#
#,#,#,#,#,#,#,#,#,#,#,#,#,#,#,#,#,#,#,#,#,#,#,#,#,#,#,#,#,#,#,#,#,@,&,&,&,&,&,&,&,&,&,&,@,#,#,#,#,#,#,#,#,#,#,#,#,#,#,#,#,#,#,#,#,#,#,#,#,#,#,#,#,#,#,#,#,#,#,#
#,#,#,#,#,#,#,#,#,#,#,#,#,#,#,#,#,#,#,#,#,#,#,#,#,#,#,#,#,#,#,#,#,@,@,@,@,@,@,@,@,@,@,@,@,#,#,#,#,#,#,#,#,#,#,#,#,#,#,#,#,#,#,#,#,#,#,#,#,#,#,#,#,#,#,#,#,#,#,#
#,#,#,#,#,#,#,#,#,#,#,#,#,#,#,#,#,#,#,#,#,#,#,#,#,#,#,#,#,#,#,#,#,#,#,#,#,#,#,#,#,#,#,#,#,#,#,#,#,#,#,#,#,#,#,#,#,#,#,#,#,#,#,#,#,#,#,#,#,#,#,#,#,#,#,#,#,#,#,#
#,#,#,#,#,#,#,#,#,#,#,#,#,#,#,#,#,#,#,#,#,#,#,#,#,#,#,#,#,#,#,#,#,#,#,#,#,#,#,#,#,#,#,#,#,#,#,#,#,#,#,#,#,#,#,#,#,#,#,#,#,#,#,#,#,#,#,#,#,#,#,#,#,#,#,#,#,#,#,#
#,#,#,#,#,#,#,#,#,#,#,#,#,#,#,#,#,#,#,#,#,#,#,#,#,#,#,#,#,#,#,#,#,#,#,#,#,#,#,#,#,#,#,#,#,#,#,#,#,#,#,#,#,#,#,#,#,#,#,#,#,#,#,#,#,#,#,#,#,#,#,#,#,#,#,#,#,#,#,#
#,#,#,#,#,#,#,#,#,#,#,#,#,#,#,#,#,#,#,#,#,#,#,#,#,#,#,#,#,#,#,#,#,#,#,#,#,#,#,#,#,#,#,#,#,#,#,#,#,#,#,#,#,#,#,#,#,#,#,#,#,#,#,#,#,#,#,#,#,#,#,#,#,#,#,#,#,#,#,#
#,#,#,#,#,#,#,#,#,#,#,#,#,#,#,#,#,#,#,#,#,#,#,#,#,#,#,#,#,#,#,#,#,#,#,#,#,#,#,#,#,#,#,#,#,#,#,#,#,#,#,#,#,#,#,#,#,#,#,#,#,#,#,#,#,#,#,#,#,#,#,#,#,#,#,#,#,#,#,#
#,#,#,#,#,#,#,#,#,#,#,#,#,#,#,#,#,#,#,#,#,#,#,#,#,#,#,#,#,#,#,#,#,#,#,#,#,#,#,#,#,#,#,#,#,#,#,#,#,#,#,#,#,#,#,#,#,#,#,#,#,#,#,#,#,#,#,#,#,#,#,#,#,#,#,#,#,#,#,#
